Date,Close,action
2019-01-09,36.44298172,-0.28390095942281457
2019-01-10,36.5594635,-0.47853565342031523
2019-01-11,36.20052719,-0.407463860379214
2019-01-12,35.65615845,-0.3403534928323331
2019-01-13,36.38594055,-0.24174317818599128
2019-01-14,36.83045197,-0.16377828848472326
2019-01-15,37.04913712,-0.0025154753449233513
2019-01-16,37.27735519,-0.007249070580431371
2019-01-17,36.44060898,-0.02274900912355219
2019-01-18,36.58799362,-0.06438333027246759
2019-01-19,36.29797745,-0.11428314603824807
2019-01-20,37.50078201,-0.16517269022179748
2019-01-21,37.15373993,-0.10074527961038678
2019-01-22,36.76865005,-0.0394851908870618
2019-01-23,39.28121185,0.09696533628145786
2019-01-24,39.5640831,0.2689209148100451
2019-01-25,39.58310699,0.3940743812297766
2019-01-26,40.70745468,0.5359859667021758
2019-01-27,41.40394592,0.6882797752118286
2019-01-28,41.41820145,0.6621294409596282
2019-01-29,40.63378143,0.466094964624766
2019-01-30,40.68151855,0.41931931788740273
2019-01-31,40.44757843,0.25802729607368236
2019-02-01,40.79610825,0.058625606452002176
2019-02-02,40.6266098,-0.07834550656494581
2019-02-03,40.77462387,-0.03248099915410321
2019-02-04,40.68390656,-0.08648061808365937
2019-02-05,40.80565643,-0.05607027143433654
2019-02-06,41.06825256,-0.04023998738452992
2019-02-07,40.83669281,0.007858567725291445
2019-02-08,41.29266739,-0.010486173591184986
2019-02-09,41.59345627,0.033379083767601216
2019-02-10,41.61734009,0.05498578923930534
2019-02-11,41.74623871,0.03558690146587816
2019-02-12,41.33563232,0.0009389975181363502
2019-02-13,41.77011871,0.003190520887645709
2019-02-14,41.98019409,-0.02224945239673278
2019-02-15,41.90380096,-0.0477711097110383
2019-02-16,41.66269684,-0.011048464887306719
2019-02-17,41.18045425,0.005761835620577407
2019-02-18,41.27833557,0.005345636161437251
2019-02-19,42.70831299,0.021147931557273885
2019-02-20,43.18815613,0.06685330770021346
2019-02-21,43.37914276,-0.015180104487500835
2019-02-22,43.86135864,0.10679497947485213
2019-02-23,44.43193054,0.0015504882276543119
2019-02-24,44.88551712,0.061160982890195004
2019-02-25,44.52981186,0.06191720944337289
2019-02-26,44.91893387,0.2081023886420618
2019-02-27,46.57330322,0.20362053185809886
2019-02-28,45.60884476,0.280533043002841
2019-03-01,45.05738068,0.17892344623899564
2019-03-02,44.59186554,0.11593024265308938
2019-03-03,44.99293137,0.0444822284146358
2019-03-04,45.05262756,-0.002429634178978768
2019-03-05,45.34625626,0.06084337156264795
2019-03-06,45.65421295,0.09483573010749832
2019-03-07,46.31787109,0.17138846624927542
2019-03-08,46.63538742,0.24461334228968584
2019-03-09,46.71655273,0.2522176205818207
2019-03-10,47.02927399,0.3117146295165097
2019-03-11,47.76934433,0.37192938175790075
2019-03-12,47.62610245,0.24312998399878646
2019-03-13,47.89347458,0.22588185662170912
2019-03-14,47.49479294,0.18821360295676662
2019-03-15,47.47570801,0.13614303984824955
2019-03-16,47.56163406,0.04089914446518882
2019-03-17,47.56640625,0.09843942571781927
2019-03-18,48.4926796,0.07064975324746411
2019-03-19,48.66695404,-0.010744203715199374
2019-03-20,48.82690048,-0.08510548825101935
2019-03-21,49.531147,0.0019745867930852532
2019-03-22,49.45473862,0.07494172828896563
2019-03-23,49.0059433,0.028959056028605802
2019-03-24,48.7719841,0.07302468891742009
2019-03-25,48.84598923,0.1276755369134871
2019-03-26,47.90541077,0.11267136656219937
2019-03-27,50.25688171,0.0693554602431035
2019-03-28,49.92982101,0.1277097629972269
2019-03-29,50.55050659,0.2018879042231528
2019-03-30,49.76987457,0.1652860318483969
2019-03-31,48.42821884,0.08016059454140881
2019-04-01,48.43777084,-0.021385682926813827
2019-04-02,47.91734695,-0.13516290029173134
2019-04-03,47.25352097,-0.31965742631406563
2019-04-04,44.50717163,-0.43920756936441324
2019-04-05,45.21173096,-0.30123991793557775
2019-04-06,45.75334167,-0.13111908895107086
2019-04-07,45.55203247,0.036811414798522055
2019-04-08,45.29321671,0.07292709936091943
2019-04-09,43.87689972,0.20172655885658583
2019-04-10,44.71806717,0.10725083588678445
2019-04-11,43.80260849,0.08697304604422922
2019-04-12,43.05491257,0.09538805295843342
2019-04-13,42.8895607,0.2710857048111417
2019-04-14,42.71221542,0.24734414284306444
2019-04-15,42.5085144,0.13409858761556454
2019-04-16,42.72899246,0.00558182815440747
2019-04-17,41.9549408,-0.14426356609460878
2019-04-18,41.53076172,-0.30276946790747966
2019-04-19,43.05012894,-0.23510358390875763
2019-04-20,43.74508286,-0.2002019271267797
2019-04-21,44.38734436,-0.07819407806694897
2019-04-22,45.56880951,0.11121120424494975
2019-04-23,46.15114594,0.011545422970816599
2019-04-24,46.68555832,0.1333888232217128
2019-04-25,46.5369873,0.30271868308784333
2019-04-26,46.52739334,0.13918322205884098
2019-04-27,46.18948364,0.026864712551967262
2019-04-28,46.46508789,0.20143905325335182
2019-04-29,47.55786896,0.10074649477569406
2019-04-30,47.41887665,0.02546235887786632
2019-05-01,47.79991913,0.06167621720216926
2019-05-02,47.63695526,-0.026098955249312005
2019-05-03,47.58902359,-0.08713864595527054
2019-05-04,46.86769104,-0.09525666142279099
2019-05-05,47.88139725,-0.15215621315197098
2019-05-06,47.86702347,-0.09597290133858088
2019-05-07,47.43085861,-0.026624281674584294
2019-05-08,48.30078888,0.05052334029903706
2019-05-09,48.58355713,-0.04841600012930047
2019-05-10,48.98617554,-0.07431437974563247
2019-05-11,48.94303131,-0.03290596533913525
2019-05-12,47.93411636,-0.020411963763717702
2019-05-13,48.22649002,-0.05318016037056124
2019-05-14,48.7033844,0.021868310773822633
2019-05-15,48.34870148,0.09309369030208108
2019-05-16,48.72017288,0.05797830418782768
2019-05-17,49.17789078,0.08759792896640252
2019-05-18,49.00774384,0.12279308346797273
2019-05-19,48.73215103,0.11904253644762768
2019-05-20,49.28573227,0.13144501314591178
2019-05-21,48.5500145,0.11536215995392347
2019-05-22,49.65956879,0.08412792963477249
2019-05-23,50.04780579,0.010190189023142376
2019-05-24,50.00706863,0.06017043722748524
2019-05-25,49.61164093,0.035093229063690126
2019-05-26,49.78419876,-0.00769866569914836
2019-05-27,50.24910736,-0.003593187343732121
2019-05-28,50.03342438,0.038800368565838454
2019-05-29,51.05432129,-0.05364359765642435
2019-05-30,49.94953918,-0.05324892004770813
2019-05-31,48.89271164,-0.03891083340343545
2019-06-01,46.33327484,-0.19300222774492506
2019-06-02,47.21038055,-0.29579900138058834
2019-06-03,47.69926834,-0.36980977012557575
2019-06-04,48.75130463,-0.33633229640940404
2019-06-05,48.34958267,-0.3230224335345508
2019-06-06,48.22690582,-0.1150900282668593
2019-06-07,50.26922226,0.10118527254031591
2019-06-08,48.77295685,0.17220463820215237
2019-06-09,48.53000259,0.1160538715740305
2019-06-10,49.67505264,0.1916752440797605
2019-06-11,50.6012001,0.20541269859342437
2019-06-12,50.60359955,0.0780755921903703
2019-06-13,51.15207291,0.2128422049315884
2019-06-14,51.10876846,0.12462841004189354
2019-06-15,48.74650574,0.1080886962350646
2019-06-16,49.67264175,-0.019416610300565573
2019-06-17,49.11215591,0.0511638936746109
2019-06-18,49.44171143,-0.10381690621819546
2019-06-19,50.27885437,0.025663394792974414
2019-06-20,50.21390533,-0.06974239302695595
2019-06-21,49.48260498,-0.041095672930907955
2019-06-22,50.32214355,-0.05009118630901928
2019-06-23,51.30603027,-0.057635921214497475
2019-06-24,51.30122375,-0.04971325992648944
2019-06-25,51.52012634,0.05962077968904411
2019-06-26,52.12873077,0.16507068026470734
2019-06-27,53.78617096,-0.0026172558070262308
2019-06-28,53.665905,-0.016594901265299455
2019-06-29,52.62187958,-0.006333145149686681
2019-06-30,52.89851379,-0.004949304144529732
2019-07-01,53.09096146,-0.0662475422936912
2019-07-02,53.58892059,0.06047060354580689
2019-07-03,53.15351486,0.12744326541291823
2019-07-04,52.37651062,0.08638391229953803
2019-07-05,52.61466217,0.023394754413621006
2019-07-06,52.36446762,0.014089267809066674
2019-07-07,53.17034531,-0.008832076616880267
2019-07-08,52.89611053,0.0005279115268795001
2019-07-09,52.6387291,0.001213395658907057
2019-07-10,53.87758636,-0.035170297163027164
2019-07-11,54.0267334,-0.12380698284628604
2019-07-12,52.6723938,-0.12689281884034795
2019-07-13,53.11983871,-0.12566917911869277
2019-07-14,54.60887527,-0.20721905304804947
2019-07-15,54.62090683,-0.13269452585656336
2019-07-16,53.9810257,-0.0729481797856983
2019-07-17,54.61369705,0.01627429365656833
2019-07-18,55.34980011,0.10408049401487016
2019-07-19,56.82200623,0.09873616377331029
2019-07-20,56.74021912,-0.00261064764250869
2019-07-21,56.60791397,-0.09122645468098421
2019-07-22,56.3793869,-0.09927456628357267
2019-07-23,56.59828186,-0.1342640561032035
2019-07-24,56.870121,-0.05906780769413
2019-07-25,57.85640717,-0.02398421317928659
2019-07-26,57.72410583,0.027390959777902613
2019-07-27,58.49869156,-0.10693596989104315
2019-07-28,58.59492493,-0.21906532983781438
2019-07-29,59.31658173,-0.13627685661066793
2019-07-30,59.9107666,-0.029258405151847543
2019-07-31,58.52515411,-0.017903348269745246
2019-08-01,58.51793289,0.05326723792535153
2019-08-02,59.84099579,0.16293594358783248
2019-08-03,61.53933334,0.1534648172055438
2019-08-04,61.94347763,0.019921754585027762
2019-08-05,61.8544693,0.1504049830387704
2019-08-06,61.88092422,0.2548224855079019
2019-08-07,62.59510803,0.2989762368855209
2019-08-08,62.76642609,0.18799269887338524
2019-08-09,63.26345444,0.21137617045841006
2019-08-10,63.20553207,0.15147399750135165
2019-08-11,63.81116104,-0.01272360746682919
2019-08-12,63.36962891,-0.07415781810664183
2019-08-13,64.12240601,0.007749166546512776
2019-08-14,64.44573212,0.012787133679292084
2019-08-15,64.25028229,-0.06297734214229846
2019-08-16,63.50232697,0.007132670712560424
2019-08-17,63.21762466,-0.012692347669585723
2019-08-18,63.16210556,-0.02550948608374452
2019-08-19,64.26959991,0.0059730098647367115
2019-08-20,63.76772308,0.023740955779920435
2019-08-21,64.62427521,0.04904140197676575
2019-08-22,64.48189545,0.0837175168851922
2019-08-23,63.73635864,0.03585381489458438
2019-08-24,62.59994888,-0.009501043990524172
2019-08-25,63.15246964,0.024729055414313483
2019-08-26,64.07897949,0.00659247562661563
2019-08-27,65.31673431,-0.05863013393244989
2019-08-28,64.40229797,-0.019675626747550332
2019-08-29,64.77870178,-0.03578398859538012
2019-08-30,65.33119965,0.011364883222902888
2019-08-31,65.49768829,0.038099352650264526
2019-09-01,66.38803101,0.031337267267014204
2019-09-02,67.52445984,0.10053067341810515
2019-09-03,67.65715027,0.25090750191327577
2019-09-04,67.49550629,0.12058709026376732
2019-09-05,67.56306458,0.13807336319810035
2019-09-06,67.42311096,0.13965299175554663
2019-09-07,68.52335358,0.020266423565643954
2019-09-08,68.58848572,-0.09054092338525441
2019-09-09,69.94927979,0.043060327143923424
2019-09-10,69.92277527,0.04914754712788627
2019-09-11,70.3377533,-0.0013668445197645095
2019-09-12,70.8516922,0.09346289552681333
2019-09-13,72.46824646,0.018388704072158868
2019-09-14,71.76372528,-0.10202386533906367
2019-09-15,72.33557129,-0.2355662539504289
2019-09-16,71.9953537,-0.1078403591934228
2019-09-17,73.15351105,-0.11051563918666871
2019-09-18,74.70734406,-0.06798412221617695
2019-09-19,74.8762207,0.06444583383655603
2019-09-20,76.47590637,0.2342651531866889
2019-09-21,75.44324493,0.2770593328837654
2019-09-22,75.11991119,0.1617746245155431
2019-09-23,76.06093597,0.1858299525927378
2019-09-24,76.90297699,0.051294146883027116
2019-09-25,76.38179016,-0.05458789282987849
2019-09-26,76.65446472,-0.17549745631589772
2019-09-27,77.02362061,-0.1726216982623443
2019-09-28,76.801651,-0.11736036442588735
2019-09-29,74.5432663,-0.12402109296830459
2019-09-30,76.65203094,-0.12863298901619316
2019-10-01,78.25656891,-0.1379990957859949
2019-10-02,78.14316559,-0.1172395858540094
2019-10-03,74.67835999,-0.08272923036815989
2019-10-04,74.47330475,-0.025093858691764493
2019-10-05,76.93193817,-0.01072067974772986
2019-10-06,77.5592804,0.048255356918992943
2019-10-07,78.46647644,0.06885240921006545
2019-10-08,77.39989471,-0.05489625012879049
2019-10-09,77.76750946,-0.13613461569220026
2019-10-10,77.29830933,-0.1339173339748126
2019-10-11,79.13397217,-0.11163364940762141
2019-10-12,78.57045746,-0.10601370882016617
2019-10-13,78.58979797,-0.066697888249031
2019-10-14,77.15077972,0.032245186095117485
2019-10-15,78.26815796,-0.002234976750481274
2019-10-16,77.46517944,-0.0007301183943361267
2019-10-17,75.7117691,-0.06779789847868294
2019-10-18,72.11542511,-0.17271953132334925
2019-10-19,69.67272949,-0.3382245322465036
2019-10-20,70.77799225,-0.16467569500400442
2019-10-21,66.15135956,-0.3857878859855631
2019-10-22,66.11264801,-0.4867127369477663
2019-10-23,72.26779175,-0.34705916300836914
2019-10-24,69.97263336,-0.18877823546627434
2019-10-25,73.21826172,-0.40371152903102264
2019-10-26,70.84328461,-0.10211752709042496
2019-10-27,69.90248108,0.17207204836173073
2019-10-28,64.37374878,0.32739259472176024
2019-10-29,69.01004791,0.2914480318716168
2019-10-30,66.61328888,0.21433213728052936
2019-10-31,60.03492355,-0.08964798300611594
2019-11-01,67.22761536,-0.12019225479380591
2019-11-02,58.57897949,-0.4230145000001335
2019-11-03,61.15470123,-0.23290603970515375
2019-11-04,59.65764236,-0.2453497917447312
2019-11-05,59.20053482,-0.09103275952738121
2019-11-06,55.44215775,-0.35237999723536584
2019-11-07,54.264328,-0.33451489472406415
2019-11-08,59.7084198,-0.4508458256815417
2019-11-09,59.37951279,-0.28562147946697675
2019-11-10,62.50423431,-0.35930848676056293
2019-11-11,59.91641235,-0.03737590170913039
2019-11-12,61.62630844,0.2631602597123239
2019-11-13,61.50054169,0.15843450665662728
2019-11-14,58.26456451,0.11199896199865789
2019-11-15,59.23680496,0.11734069982451638
2019-11-16,58.38549423,-0.06626517592187887
2019-11-17,63.47887039,-0.18301519487793644
2019-11-18,62.7436676,-0.16461080500859582
2019-11-19,64.34955597,-0.283414479574556
2019-11-20,64.81391144,-0.334631572663219
2019-11-21,66.08607483,-0.11131051435891441
2019-11-22,69.42360687,-0.022963924993536233
2019-11-23,68.7899704,0.1661010923749966
2019-11-24,69.33654785,0.45198659236218786
2019-11-25,68.39574432,0.6996663760073895
2019-11-26,66.97607422,0.4995904591180317
2019-11-27,64.90582275,0.4673050801130735
2019-11-28,66.77535248,0.261170904844655
2019-11-29,66.51656342,0.20834225038520157
2019-11-30,68.43686676,0.10664152988610978
2019-12-01,68.48524475,0.17773283793360045
2019-12-02,67.37511444,-0.009321216416754919
2019-12-03,69.58807373,0.1272245120202064
2019-12-04,71.05612183,0.16871405666037942
2019-12-05,69.91216278,0.2123749396225318
2019-12-06,70.90132904,0.10028718602738862
2019-12-07,71.96548462,0.291380253294059
2019-12-08,72.70798492,0.29589515486063556
2019-12-09,73.46013641,0.2424669950791746
2019-12-10,75.20860291,0.3279390301277319
2019-12-11,76.39204407,0.2658103322817566
2019-12-12,75.51902771,0.0558925861394833
2019-12-13,74.60719299,0.022871351972836775
2019-12-14,75.06552887,0.0006999754993585905
2019-12-15,74.62174225,-0.14280508493140315
2019-12-16,76.37991333,-0.01322464394950541
2019-12-17,75.93856049,0.089317564321192
2019-12-18,77.41540527,0.11014744688060334
2019-12-19,76.83824921,0.11349477596341048
2019-12-20,77.33296967,0.05944072945388309
2019-12-21,76.80914307,0.04853080188200785
2019-12-22,77.1437912,0.06890996190440142
2019-12-23,77.17776489,-0.009142808830200782
2019-12-24,77.10256958,-0.062392416241379686
2019-12-25,78.05078888,0.025747487574716954
2019-12-26,78.41210175,-0.004168163308079897
2019-12-27,78.84375,-0.07901924030881353
2019-12-28,78.16475677,-0.04744323623569545
2019-12-29,80.39096832,0.03991183862000266
2019-12-30,80.86630249,-0.04777049867075257
2019-12-31,83.41989136,0.10616861443703018
2020-01-01,85.56606293,0.011054978180305541
2020-01-02,81.45800781,-0.09399226364401306
2020-01-03,82.16127014,-0.21781406774179493
2020-01-04,83.17736053,-0.09299236249582843
2020-01-05,85.38174438,-0.2519755269108618
2020-01-06,85.26292419,-0.1205717361007584
2020-01-07,85.29688263,0.04688197145911217
2020-01-08,84.80944061,0.027906404852161115
2020-01-09,87.02836609,0.05875894357469944
2020-01-10,88.8859787,0.02718038118079641
2020-01-11,87.31697083,-0.013007613781975236
2020-01-12,88.47614288,-0.02957740801311526
2020-01-13,85.75766754,0.05501073079774207
2020-01-14,87.73406219,-0.015310260600167911
2020-01-15,88.46643829,0.05302255867175405
2020-01-16,88.29909515,0.1226943033766675
2020-01-17,88.29909515,0.055420679922596715
2020-01-18,90.66113281,0.13648533316991268
2020-01-19,90.37981415,0.1788519974831216
2020-01-20,92.48478699,0.10321214479391175
2020-01-21,92.88249207,0.17620828165273106
2020-01-22,93.04495239,0.0739917788800625
2020-01-23,92.61572266,0.013121207240462823
2020-01-24,94.14839172,0.03344752987521999
2020-01-25,94.79586792,0.06955773058410286
2020-01-26,93.62940216,-0.041887955423001416
2020-01-27,93.44023895,0.0478353526824695
2020-01-28,95.40942383,-0.053190711458735884
2020-01-29,94.09259033,-0.13088047928596447
2020-01-30,94.35693359,-0.0911718720375774
2020-01-31,90.06215668,-0.14783802064022197
2020-02-01,89.83900452,-0.06586799791801548
2020-02-02,91.96823883,0.06185713996627813
2020-02-03,90.45742035,0.13431184205028715
2020-02-04,92.19136047,0.09845344301399392
2020-02-05,93.30686951,0.2402591361347743
2020-02-06,103.0750504,-0.013260610665342542
2020-02-07,105.6722946,0.09824569725394912
2020-02-08,106.3779907,-0.16389514384467815
2020-02-09,106.7635727,-0.3025233530654915
2020-02-10,110.4884796,-0.1814285307712858
2020-02-11,107.9764557,-0.089916644179735
2020-02-12,109.545845,-0.3407810151198505
2020-02-13,106.2879791,-0.15397251158071806
2020-02-14,109.8203583,-0.02597954905886035
2020-02-15,111.7639313,-0.19318009330848168
2020-02-16,111.6643372,-0.17042188030647423
2020-02-17,111.3727798,-0.06717673821205444
2020-02-18,112.3008499,-0.16792556817772336
2020-02-19,112.4417343,-0.06532503821807673
2020-02-20,114.9367828,-0.033010472327927906
2020-02-21,120.8597641,-0.10263207474663678
2020-02-22,122.3052597,0.015071582787823256
2020-02-23,121.3018951,0.25048888579933315
2020-02-24,122.9514923,0.05708188334914364
2020-02-25,121.4816895,-0.10120707354283968
2020-02-26,121.2849121,0.027153231589179677
2020-02-27,125.3979492,-0.17312155050087527
2020-02-28,130.392868,-0.17913360004778525
2020-02-29,127.6913376,0.04091631525299152
2020-03-01,117.4682541,0.08013390744103523
2020-03-02,117.5459824,0.14694008443091106
2020-03-03,109.6357422,0.36650792761929374
2020-03-04,114.008728,0.4095641990312514
2020-03-05,110.2868195,0.5114865024919923
2020-03-06,108.8388901,0.4500819888419083
2020-03-07,112.1040421,0.3038091454599363
2020-03-08,112.2789841,0.1810691425323869
2020-03-09,108.9652252,-0.07207412839037017
2020-03-10,107.2257233,-0.3016208646330505
2020-03-11,103.8245163,-0.09031164981643042
2020-03-12,106.9730835,-0.08945341701108109
2020-03-13,108.6542587,-0.19917209042748052
2020-03-14,104.0966339,-0.19990264700598975
2020-03-15,105.1655655,-0.10781340287490448
2020-03-16,109.1109924,-0.2878071004208279
2020-03-17,111.7153473,-0.11888868823766614
2020-03-18,110.8699036,-0.016248246792848718
2020-03-19,112.5413589,-0.0664494951535294
2020-03-20,113.4937057,0.02748756222115285
2020-03-21,109.8300705,0.10818623862368434
2020-03-22,113.2118835,-0.0017240801128724503
2020-03-23,109.9661484,-0.05821840871901118
2020-03-24,111.8319626,0.06324604474027692
2020-03-25,111.7250595,-0.03773418423626766
2020-03-26,113.668602,0.042613371322381924
2020-03-27,120.8889236,0.1873044038087687
2020-03-28,117.6820374,0.08248724903985367
2020-03-29,117.7694931,-0.00214139291726112
2020-03-30,117.3030624,-0.1253660657282206
2020-03-31,115.660759,-0.22724948575170387
2020-04-01,112.7065506,-0.463201301916029
2020-04-02,114.1933746,-0.39972895056652746
2020-04-03,113.5714493,-0.23409121681532033
2020-04-04,112.4830475,-0.21963175425651432
2020-04-05,111.7930756,-0.24942783805193178
2020-04-06,111.8027954,-0.1155311912098824
2020-04-07,113.3090515,-0.07337669731163095
2020-04-08,108.0614319,-0.23186870391209508
2020-04-09,112.0651779,-0.16144741781941013
2020-04-10,105.7874908,-0.19512778146218987
2020-04-11,105.7000427,-0.31061145558471115
2020-04-12,107.3229065,-0.39197065632055933
2020-04-13,111.7056198,-0.2368965805086459
2020-04-14,115.6704712,-0.2916812594660408
2020-04-15,115.5390549,-0.33885754459194023
2020-04-16,113.2319717,-0.36183479936579016
2020-04-17,112.8912506,-0.36037919740413854
2020-04-18,116.3178253,-0.3471955349908055
2020-04-19,116.0452347,-0.27850677862370266
2020-04-20,116.0939255,-0.1427540827004417
2020-04-21,117.1063232,0.04558479374275577
2020-04-22,116.2204742,0.08361698583859048
2020-04-23,114.8965683,-0.0188842352325413
2020-04-24,115.4903793,-0.015806353499807035
2020-04-25,114.2248993,-0.03813202183138577
2020-04-26,110.8275375,-0.005997683590018943
2020-04-27,112.1124878,-0.016557965843010426
2020-04-28,112.9496689,0.0413275461345791
2020-04-29,113.4948044,-0.0024463289389108356
2020-04-30,115.8895035,0.05841835552800725
2020-05-01,119.4620667,-0.17003446658487698
2020-05-02,119.8125,0.017040425146146565
2020-05-03,119.6762238,-0.1233015419522546
2020-05-04,119.0045242,-0.17920427815552992
2020-05-05,120.4647217,-0.13304906943554368
2020-05-06,121.0779953,-0.0295011791581404
2020-05-07,118.5470047,-0.12764071322315876
2020-05-08,119.9682846,-0.02574755638025365
2020-05-09,119.1603088,0.06699157164387516
2020-05-10,118.5470047,-0.03967752029575884
2020-05-11,124.4850769,-0.06762715508033945
2020-05-12,124.416954,-0.18033366990938315
2020-05-13,125.2833099,-0.09222224875728433
2020-05-14,123.2974777,-0.1616170847592018
2020-05-15,124.8257828,-0.03302281885298787
2020-05-16,128.3789368,0.08241238894462323
2020-05-17,127.4833069,0.22238972937292342
2020-05-18,128.4664917,0.18890795563501336
2020-05-19,133.0611877,0.12378999655584062
2020-05-20,131.2894897,0.12197099781881285
2020-05-21,130.1700287,0.03365147994041289
2020-05-22,129.1673737,-0.04093330844949562
2020-05-23,125.974472,-0.052366069266800076
2020-05-24,127.5319672,0.0008955016588820142
2020-05-25,123.2390594,-0.20357994463783013
2020-05-26,127.4444046,-0.13457996279809817
2020-05-27,128.5443726,-0.09867344513570454
2020-05-28,125.5558701,-0.14363382737082017
2020-05-29,125.380661,-0.03157946707197031
2020-05-30,127.4151611,0.012400916396590855
2020-05-31,125.4877472,0.0015915399606491465
2020-06-01,123.7647324,0.06307052620973205
2020-06-02,124.4364014,0.08749899874201547
2020-06-03,128.5248718,0.10320694956770513
2020-06-04,133.2363892,0.08299303796707684
2020-06-05,135.3780518,-0.07894584385260717
2020-06-06,139.1257935,0.019092886029360878
2020-06-07,139.3594208,0.16799285066221764
2020-06-08,138.2886353,0.2470413433866246
2020-06-09,133.450531,0.329333254159082
2020-06-10,128.4567566,0.5549898659149349
2020-06-11,130.5789032,0.2763998719752427
2020-06-12,131.4063263,0.21288789106854766
2020-06-13,130.3842163,-0.018594649244836337
2020-06-14,133.7425995,-0.019756943116909127
2020-06-15,133.3282623,-0.1863499762096607
2020-06-16,133.474472,-0.12055345042709545
2020-06-17,132.5970917,-0.20565256413540706
2020-06-18,131.9926605,-0.07779960588416676
2020-06-19,131.7391663,-0.10316056436629228
2020-06-20,131.9731293,-0.051010363494055445
2020-06-21,129.8478546,0.04566925757032894
2020-06-22,127.5568161,0.1001575602285383
2020-06-23,126.4551926,0.15491620701852007
2020-06-24,126.6111755,0.2587969155617046
2020-06-25,122.8382721,0.15917941590499488
2020-06-26,122.7017746,0.20629198528367992
2020-06-27,122.2045746,0.21304783457361917
2020-06-28,117.9539871,0.2510354547430699
2020-06-29,118.2172241,0.060824770020660376
2020-06-30,124.5833435,0.20892322309620526
2020-07-01,121.9803619,0.09702257429589389
2020-07-02,118.997139,0.06902428871905837
2020-07-03,117.1155777,-0.03407797576668164
2020-07-04,118.3731995,0.08462808021468443
2020-07-05,113.4401627,0.19912073919003828
2020-07-06,118.0514832,0.2731453000736085
2020-07-07,116.9693222,0.18806980800827544
2020-07-08,118.8996506,0.2041112027069254
2020-07-09,117.9929962,0.20789416169080174
2020-07-10,120.8787155,0.1802808572287758
2020-07-11,122.4190521,0.047208200538844634
2020-07-12,121.6293869,0.15667978262785878
2020-07-13,117.5055389,0.14978975648988593
2020-07-14,116.9790955,0.12622455387521264
2020-07-15,120.2937622,0.020793106714384325
2020-07-16,119.4650955,0.13893089254360733
2020-07-17,117.0765686,-0.008337761101072793
2020-07-18,117.5640259,-0.030685641002080828
2020-07-19,118.1684723,0.006723040090184535
2020-07-20,118.3439484,0.029188831407463933
2020-07-21,116.8913345,0.024278002777181524
2020-07-22,119.0848923,0.061855463392746016
2020-07-23,119.913559,0.10030648933438875
2020-07-24,122.7407761,0.1537836930419357
2020-07-25,123.0429916,0.19713435040680022
2020-07-26,124.6906052,0.2713309342470643
2020-07-27,127.0888748,0.18803113026614524
2020-07-28,129.6626434,0.2828340396158537
2020-07-29,127.9467773,0.2891752533412695
2020-07-30,131.0567322,0.09917964847990812
2020-07-31,128.7169342,0.04497582683981892
2020-08-01,131.1249847,0.2237146277879028
2020-08-02,130.7935333,0.07206574778742772
2020-08-03,131.4564667,0.045508126738853794
2020-08-04,129.7698517,0.17959213124135312
2020-08-05,130.1500854,0.09498907863049906
2020-08-06,128.6292419,0.07113886540709852
2020-08-07,130.9495239,0.0909235240680254
2020-08-08,131.3394623,0.03917772709996015
2020-08-09,131.0177612,0.038775667045357946
2020-08-10,130.2280579,0.06215054318015313
2020-08-11,130.1305695,0.047775089877342615
2020-08-12,128.1612854,0.08734274682250207
2020-08-13,129.2141724,0.05347890526702774
2020-08-14,124.641861,-0.056004431669745405
2020-08-15,124.885582,0.020532678261279535
2020-08-16,126.4844589,-0.05732131259843755
2020-08-17,127.1582718,-0.11489463825276718
2020-08-18,123.8769989,-0.1610225047946038
2020-08-19,122.9590454,-0.0975522921411284
2020-08-20,119.8926239,-0.25124359148189346
2020-08-21,122.0410461,-0.2641334429897649
2020-08-22,124.462944,-0.20674338103621964
2020-08-23,123.3105927,-0.13767003737137556
2020-08-24,121.9238739,-0.12762850008121251
2020-08-25,121.7676315,-0.08269807440081181
2020-08-26,124.3262329,0.02182555977970419
2020-08-27,122.4902954,0.011491770809215091
2020-08-28,124.1211548,0.03375783025326328
2020-08-29,123.925827,0.08310324513344144
2020-08-30,123.8769989,0.14843216817545116
2020-08-31,122.3438034,0.0797911075556006
2020-09-01,121.6895142,0.03529890179168202
2020-09-02,121.3672256,-0.021489620024139306
2020-09-03,122.1289444,-0.08283483026212575
2020-09-04,120.6445694,-0.16817282082107546
2020-09-05,122.9395142,-0.12681899337441244
2020-09-06,122.9492569,-0.09313200689259835
2020-09-07,123.769577,-0.010392167854251167
2020-09-08,124.1504364,0.05121080310456335
2020-09-09,123.1543503,0.06122924209109941
2020-09-10,124.3652878,0.07458990763765054
2020-09-11,127.4219131,-0.01574861704962912
2020-09-12,126.6016235,-0.09980862282402046
2020-09-13,127.0996323,-0.08597770969538575
2020-09-14,128.7012177,-0.12940698620336125
2020-09-15,127.4023972,-0.2003917004668087
2020-09-16,129.1992493,-0.10296639653914827
2020-09-17,130.8399048,0.006575128406612618
2020-09-18,130.5664673,-0.0933001505997436
2020-09-19,130.2832642,-0.03331637166888181
2020-09-20,129.9902954,0.05465295947548252
2020-09-21,131.6211548,0.06399357661261564
2020-09-22,133.1348114,0.03415721813012819
2020-09-23,133.7500763,0.13521851614254504
2020-09-24,134.0527649,0.10337640881109919
2020-09-25,136.6797333,0.15800645416875103
2020-09-26,138.6915131,0.21911779209430163
2020-09-27,141.1817474,0.0763560694415067
2020-09-28,139.8828735,0.1143104805072465
2020-09-29,141.7090302,0.273853233815006
2020-09-30,141.1133728,0.11645460188719356
2020-10-01,142.2266388,-0.03161689924145848
2020-10-02,145.6543121,0.1377417569365914
2020-10-03,145.000061,0.1220311587579856
2020-10-04,142.9590149,0.036388178521990056
2020-10-05,139.1113739,0.07089537948740829
2020-10-06,142.7246552,0.12779785648501846
2020-10-07,141.9922638,0.017225971587165552
2020-10-08,143.3594208,-0.07537338529526359
2020-10-09,145.0782013,-0.06353714152011569
2020-10-10,145.4981079,0.05051995744058916
2020-10-11,143.3301239,0.05199902446781328
2020-10-12,141.5820923,0.09547395432263567
2020-10-13,142.2266388,0.10223681063556649
2020-10-14,142.4414368,0.03685006780163249
2020-10-15,142.109436,-0.0032655968710619933
2020-10-16,143.9062958,-0.019780401353109867
2020-10-17,143.5059052,-0.0410145387938577
2020-10-18,143.613327,-0.0446821066495202
2020-10-19,142.9287262,-0.0018882692759032288
2020-10-20,142.879837,-0.03681246606365809
2020-10-21,142.4006348,-0.04962655658923436
2020-10-22,142.6548615,-0.010769784264096251
2020-10-23,145.6182861,-0.019073272435258342
2020-10-24,145.8237,0.014051743630701264
2020-10-25,147.7992859,0.06948335507010518
2020-10-26,146.88974,0.15137308363674182
2020-10-27,143.1438751,0.14637943442631304
2020-10-28,143.4764252,0.20332821176621313
2020-10-29,144.9337158,0.1755550731366836
2020-10-30,146.4202576,0.09068484723074331
2020-10-31,146.3322449,0.037231687565195945
2020-11-01,145.0999451,0.0032172028451150692
2020-11-02,144.2979736,-0.014550409093247358
2020-11-03,145.3346863,-0.02120983429906885
2020-11-04,149.7553406,0.04218016284113876
2020-11-05,148.4936829,0.06392167572518294
2020-11-06,149.1587372,0.14561284939515634
2020-11-07,150.2736969,0.21256703156732262
2020-11-08,150.9094238,0.28019765181803014
2020-11-09,153.2469025,0.2812177772878115
2020-11-10,151.7016144,0.20934276919879108
2020-11-11,150.6845093,0.1752001745578115
2020-11-12,145.6965637,0.03770561603024926
2020-11-13,146.2637787,-0.09515150449996351
2020-11-14,144.8652344,-0.04131028370258203
2020-11-15,145.7552185,-0.07337694416830969
2020-11-16,145.5205231,-0.15974172597272576
2020-11-17,142.8504791,-0.06206169600345619
2020-11-18,139.799057,0.08069167795836472
2020-11-19,140.2782745,0.04233966218921068
2020-11-20,142.6451111,0.07491313984500929
2020-11-21,143.6035919,0.11469609905738902
2020-11-22,143.6915741,0.06435462176909133
2020-11-23,142.1756134,-0.052379823579569405
2020-11-24,138.7916718,-0.13478835186316906
2020-11-25,139.6914978,-0.05191849741604955
2020-11-26,138.3907013,-0.09529571993855415
2020-11-27,139.5153961,-0.026989623990341872
2020-11-28,136.0825348,-0.07413723959827552
2020-11-29,138.0092468,-0.06428406090613195
2020-11-30,138.8796844,-0.1167241349341425
2020-12-01,140.1413422,-0.02198651309473183
2020-12-02,139.759903,-0.07502558942132903
2020-12-03,139.6719208,0.0573606568882997
2020-12-04,138.4004517,0.06295580168070233
2020-12-05,137.8136597,0.059243987507068295
2020-12-06,140.6010284,0.02752013182776648
2020-12-07,141.6572876,0.051001870464227814
2020-12-08,143.3297119,0.050650530072605705
2020-12-09,145.4911346,0.15067013616922756
2020-12-10,145.9801636,0.2723409531955347
2020-12-11,146.1953583,0.3545268060704208
2020-12-12,145.4227142,0.3794851373754367
2020-12-13,145.3737946,0.3566046653645825
2020-12-14,146.0388336,0.25472738484429364
2020-12-15,145.5791779,0.14288594137694335
2020-12-16,149.2174225,0.0264942145207251
2020-12-17,146.5083313,-0.010547756718819135
2020-12-18,145.6867828,-0.04318406213435673
2020-12-19,146.7234497,-0.04502759603011458
2020-12-20,148.1611633,-0.07463986294698678
2020-12-21,147.642807,-0.05490300934749992
2020-12-22,148.1716919,-0.04719619608949495
2020-12-23,147.3489838,-0.020170554202688894
2020-12-24,147.71138,-0.024247856301385644
2020-12-25,144.8807526,0.05442871106059606
2020-12-26,144.8317871,0.11308082207516712
2020-12-27,146.9082336,0.073458416701533
2020-12-28,146.917984,0.056586474652383645
2020-12-29,147.8974762,0.06751312946365512
2020-12-30,150.336319,0.09588364960996107
2020-12-31,154.6263123,0.17607623355584195
2021-01-01,157.2512817,0.0717027853580688
2021-01-02,157.7115784,-0.059328179640645205
2021-01-03,158.0935669,-0.1763282043221804
2021-01-04,158.6127014,-0.1480880658380739
2021-01-05,153.5881042,-0.25249730457464115
2021-01-06,156.9476166,-0.13497277632596946
2021-01-07,161.9036865,0.04215387435019459
2021-01-08,161.3845673,0.20271593378414168
2021-01-09,160.3952942,0.08015015176785231
2021-01-10,158.5147552,0.004701024570773427
2021-01-11,161.9232483,0.06992559472670659
2021-01-12,167.6628265,0.08626816112796369
2021-01-13,171.4827423,-0.06579406285835736
2021-01-14,170.9734039,0.0721955263008571
2021-01-15,175.7629089,-0.025001289754471846
2021-01-16,172.1291656,0.02528668162291381
2021-01-17,170.7481384,-0.006606065938873107
2021-01-18,175.6159821,0.15170729935680488
2021-01-19,168.7206573,0.009900285990737934
2021-01-20,167.623642,0.2556563501095611
2021-01-21,166.2622223,0.07835910890621214
2021-01-22,169.4356537,0.02662208272151635
2021-01-23,172.0312042,0.019595957790974138
2021-01-24,172.6580505,0.09164081423858922
2021-01-25,176.6248627,0.103263442717794
2021-01-26,175.6061859,0.06701761971327587
2021-01-27,175.6943512,0.011670036780151438
2021-01-28,174.53862,0.00034860118747170876
2021-01-29,173.9215393,-0.06010535440452034
2021-01-30,178.2702789,-0.1768246183771571
2021-01-31,176.0078125,-0.07035903562122384
2021-02-01,171.326004,-0.04839502681169326
2021-02-02,168.4659729,-0.010434115592024095
2021-02-03,168.6325226,0.06318824414764772
2021-02-04,168.6520538,-0.016760203027430132
2021-02-05,171.4827423,0.0289816697579188
2021-02-06,171.9234772,0.07073651115000665
2021-02-07,168.6520538,0.006038610053869975
2021-02-08,169.5140381,-0.042528726699194774
2021-02-09,166.3111877,0.02841496023889293
2021-02-10,162.8145447,0.07138370595757881
2021-02-11,161.1298676,-0.032953560589018695
2021-02-12,159.0730286,0.06761160789034501
2021-02-13,158.2992706,0.173049490959669
2021-02-14,156.4970703,0.3066266203607867
2021-02-15,156.4089203,0.13847981547291516
2021-02-16,155.9485779,0.3119722835759765
2021-02-17,166.8302765,0.29966845558959115
2021-02-18,171.1888885,0.04939890410991181
2021-02-19,171.0223541,0.08935067339550773
2021-02-20,172.227066,0.31747601855578444
2021-02-21,169.3474731,0.11612499881048818
2021-02-22,169.0630951,0.05226348526772383
2021-02-23,168.3471985,0.15375194348092217
2021-02-24,171.4560089,0.002735618065436605
2021-02-25,172.8780212,-0.1580825866088585
2021-02-26,168.7982635,-0.01243098787400797
2021-02-27,165.3854675,0.00379265206815676
2021-02-28,165.6208496,0.004581132015277062
2021-03-01,169.455368,-0.013580365465333605
2021-03-02,169.2200165,-0.04772314422228678
2021-03-03,165.6208496,-0.09141608364915743
2021-03-04,164.0713348,-0.11839018775941375
2021-03-05,161.1488495,-0.033553182337874354
2021-03-06,156.9808502,-0.13568457391267766
2021-03-07,159.5993195,-0.1968421756162501
2021-03-08,161.6686096,-0.11279254841497181
2021-03-09,161.9333801,-0.15456571552144438
2021-03-10,160.0504456,-0.19368225394741143
2021-03-11,163.3456116,0.00860107882083877
2021-03-12,163.0219727,0.06921219338433393
2021-03-13,160.0210571,0.002060011483611976
2021-03-14,156.2257385,0.09568736792368102
2021-03-15,154.4015961,0.14987265680433876
2021-03-16,159.8052826,0.11563391289256988
2021-03-17,155.4607849,0.2445163772618837
2021-03-18,151.7439117,0.35994345586278553
2021-03-19,147.7132111,0.3915664404647256
2021-03-20,152.0969849,0.29413762217728145
2021-03-21,156.5101013,0.29212140085402455
2021-03-22,157.5202179,0.1791432106738704
2021-03-23,160.8153992,0.19112638549424954
2021-03-24,162.1883698,-0.058818049876250646
2021-03-25,165.5620117,-0.1709977425653678
2021-03-26,166.9251404,-0.3280593999797714
2021-03-27,170.7106934,-0.16483464962548305
2021-03-28,171.348114,-0.15693383548875556
2021-03-29,172.2111664,-0.11626793790650136
2021-03-30,175.5063324,-0.08195680799067166
2021-03-31,174.3392487,0.11785656714561518
2021-04-01,171.2402344,-0.025229490995189542
2021-04-02,170.9460602,-0.13553700821995107
2021-04-03,174.9963684,0.006473209155367876
2021-04-04,171.6815948,0.1568822704397773
2021-04-05,168.5138702,0.00901807408599209
2021-04-06,168.8179474,-0.012883853214909919
2021-04-07,166.8074799,-0.06507122017264784
2021-04-08,162.5512238,0.025143012668970167
2021-04-09,164.4243774,-0.09760788412799717
2021-04-10,167.111496,-0.04976635154219568
2021-04-11,162.1001282,-0.09729820817363269
2021-04-12,161.8843842,-0.10717390251437012
2021-04-13,164.1693878,-0.24929946497253574
2021-04-14,164.0026703,-0.17458500246707526
2021-04-15,163.2083282,-0.20386131411796668
2021-04-16,158.6676636,-0.08649744137207575
2021-04-17,159.7366486,-0.05550594747343877
2021-04-18,153.7740021,-0.14771371668715116
2021-04-19,153.5484009,-0.255216829277043
2021-04-20,160.4819641,-0.2424370976266122
2021-04-21,154.6075592,-0.33425417802991164
2021-04-22,154.9115753,-0.36651469128578357
2021-04-23,156.4022369,-0.2206087657227797
2021-04-24,162.8160248,-0.21589339202953656
2021-04-25,153.7445679,-0.2621473092630538
2021-04-26,154.4712982,-0.21029572494172405
2021-04-27,149.3445435,-0.08272410485294125
2021-04-28,151.7508087,-0.17436477208338072
2021-04-29,143.8838501,0.09794110649226369
2021-04-30,140.0141602,0.034716330689786856
2021-05-01,144.4829254,0.14683130219720014
2021-05-02,142.9409485,-0.002960449181024627
2021-05-03,146.5749207,-0.010861767117676002
2021-05-04,138.3052826,-0.24912896852974947
2021-05-05,134.8972626,-0.03654589119558207
2021-05-06,135.1329193,-0.2643712043557068
2021-05-07,140.5544128,-0.15042590174442774
2021-05-08,137.8534851,-0.19143664078700956
2021-05-09,138.0106354,-0.11329902837399483
2021-05-10,141.2124176,-0.09596118513896888
2021-05-11,146.9677582,-0.12287450314126831
2021-05-12,146.1820526,-0.07990326370523604
2021-05-13,146.0543671,0.13347727622693203
2021-05-14,148.5097198,0.2575201631038684
2021-05-15,142.783844,0.19234500968465512
2021-05-16,143.5302429,0.37915043053194275
2021-05-17,146.0543671,0.3013472376093013
2021-05-18,145.3177795,0.2047432895893039
2021-05-19,140.0927734,-0.026155037771984357
2021-05-20,134.6811523,-0.15102100230305635
2021-05-21,129.5249176,-0.3472116276042384
2021-05-22,130.3892059,-0.5035492487760584
2021-05-23,133.0115356,-0.6515112976274733
2021-05-24,127.7374039,-0.6903942067445789
2021-05-25,129.2106018,-0.6647388071371632
2021-05-26,133.4436493,-0.5732208311437433
2021-05-27,132.9329834,-0.4536669421233507
2021-05-28,135.800827,-0.2744464006284696
2021-05-29,139.1302643,0.00949765383564316
2021-05-30,139.1302643,-0.04257606738170624
2021-05-31,134.985611,0.039160190732302716
2021-06-01,136.7436676,0.13350275303765988
2021-06-02,134.2784729,0.0698393711043623
2021-06-03,136.4489899,-0.034553326349362874
2021-06-04,139.0320282,0.09597829185727155
2021-06-05,140.3677673,0.1487410677741357
2021-06-06,143.7365112,0.18713360009453064
2021-06-07,144.4141846,0.3370646050341102
2021-06-08,142.2829285,0.2183363018510244
2021-06-09,143.2552948,0.27587451920451433
2021-06-10,142.8918762,0.23568528051519272
2021-06-11,145.8186493,0.1127101737508065
2021-06-12,147.4882965,0.027048065732364464
2021-06-13,144.4436493,0.07756235467130387
2021-06-14,148.3034973,0.08631105820494978
2021-06-15,150.3070526,0.14610523405781478
2021-06-16,152.5757904,0.2614450616238396
2021-06-17,151.3382874,0.16845005976711416
2021-06-18,150.2186432,0.12263370231473343
2021-06-19,148.8927765,0.04699190292371838
2021-06-20,153.9900513,-0.000335263817571696
2021-06-21,154.5400696,-0.1125113793557351
2021-06-22,159.6079102,0.03811007564942398
2021-06-23,158.6257782,0.21561226991416566
2021-06-24,157.1525726,0.12274097988364352
2021-06-25,163.1632843,0.18148940749577275
2021-06-26,162.8490295,0.30533885236147246
2021-06-27,162.6227875,0.24310599691148277
2021-06-28,162.1507111,0.1852869914621325
2021-06-29,162.1998901,0.3482144851269945
2021-06-30,166.4486389,0.20168231267740092
2021-07-01,165.7110138,0.13823126401580635
2021-07-02,169.2614746,0.023502622556311147
2021-07-03,170.3334808,-0.11337503260696477
2021-07-04,170.1761627,-0.08436671497890155
2021-07-05,171.671051,0.016138379947249253
2021-07-06,171.2776337,0.0461135269473629
2021-07-07,168.6910553,0.13024416629482155
2021-07-08,164.8061981,0.16068219635168313
2021-07-09,164.4717865,0.13419826908995564
2021-07-10,164.7668457,-0.0029335552874485637
2021-07-11,167.2256012,-0.11415214378324837
2021-07-12,160.9213257,-0.20700256735783854
2021-07-13,158.718277,-0.21498209234510438
2021-07-14,156.289032,-0.18758746264109685
2021-07-15,154.6268616,-0.0016401292566718072
2021-07-16,155.3546906,-0.07730772077779971
2021-07-17,153.2401276,0.09762511327946047
2021-07-18,151.9812775,0.08818158403189615
2021-07-19,153.3876495,0.03285681771067224
2021-07-20,151.9124146,-0.0419752068022872
2021-07-21,154.7744141,0.07267748399036528
2021-07-22,160.7344666,0.07455130236977248
2021-07-23,151.3026276,0.14576320520912503
2021-07-24,152.7483673,0.10072481634790367
2021-07-25,149.856842,0.09287007585569088
2021-07-26,148.2144012,0.02030426306283497
2021-07-27,151.9320831,-0.1701386447377031
2021-07-28,154.312149,-0.2004788856970788
2021-07-29,151.1846313,-0.17174475892653523
2021-07-30,150.2207947,-0.19378700938165722
2021-07-31,147.9488525,-0.11733724621399928
2021-08-01,148.2832642,-0.06471771067856272
2021-08-02,149.2569275,-0.08872470259996489
2021-08-03,147.3686066,-0.059691920229646075
2021-08-04,140.1299744,-0.18177198803699768
2021-08-05,135.920578,-0.043940446164501504
2021-08-06,140.1004944,-0.09718949800396973
2021-08-07,143.6902924,-0.10523250791474133
2021-08-08,143.9853668,-0.10954340182086005
2021-08-09,143.0313416,-0.03314761980033064
2021-08-10,137.7794189,-0.14021362700725715
2021-08-11,138.1039581,-0.06814508059407384
2021-08-12,136.6877289,-0.08725016568430627
2021-08-13,136.0582886,-0.03218940718327814
2021-08-14,140.6316071,0.04188251528347357
2021-08-15,136.097641,0.03899199030574013
2021-08-16,140.0611267,0.03914691788990797
2021-08-17,141.3790741,0.06349787605907488
2021-08-18,141.4872284,0.03913308449785038
2021-08-19,141.0250244,0.0002955178756751102
2021-08-20,144.8410034,0.08931421348708714
2021-08-21,146.9850311,0.20900162134492611
2021-08-22,149.8273773,0.38213353012062723
2021-08-23,146.8866882,0.37913523599026006
2021-08-24,142.4117432,0.404331921517859
2021-08-25,153.1713257,0.18719695246507792
2021-08-26,150.8108826,0.14657779377682983
2021-08-27,148.1652832,0.06161124837867602
2021-08-28,142.6379242,-0.06750145951888663
2021-08-29,136.589386,-0.16460200361703858
2021-08-30,136.3233795,-0.2208734029952529
2021-08-31,136.8553925,-0.4174714611705073
2021-09-01,137.4267426,-0.31559691795140904
2021-09-02,132.8655548,-0.3782744179028775
2021-09-03,144.6871948,-0.407166589272223
2021-09-04,147.4751587,-0.11227081840421335
2021-09-05,146.0762482,-0.0840762173725232
2021-09-06,147.8101044,-0.3357373755638221
2021-09-07,146.5786896,-0.3717204968082435
2021-09-08,148.4799805,-0.21407228327415267
2021-09-09,149.0414886,-0.32771003498138734
2021-09-10,145.8102722,-0.21386085401190952
2021-09-11,147.947998,-0.08803622664120553
2021-09-12,148.8248138,0.09732380214058368
2021-09-13,145.908783,0.011773658075788345
2021-09-14,142.0765991,0.07781622516085411
2021-09-15,139.0718994,-0.004906774299010197
2021-09-16,145.8299713,0.025397022562127114
2021-09-17,146.1058197,-0.04115101532713439
2021-09-18,145.6132355,-0.010910081535606908
2021-09-19,144.4507904,-0.13122871313531675
2021-09-20,140.7861176,-0.02033634861057872
2021-09-21,138.8453522,0.04030710099893588
2021-09-22,140.5299225,0.0036202784796906195
2021-09-23,140.0471954,-0.06526081465493398
2021-09-24,142.3425903,-0.0031634985679905524
2021-09-25,143.3080292,-0.06313946245559382
2021-09-26,141.0816345,-0.18415782042183154
2021-09-27,134.4713135,-0.19258502282033105
2021-09-28,132.51091,-0.021339933344752315
2021-09-29,130.40271,-0.187359577621776
2021-09-30,130.3337402,-0.2956896604477173
2021-10-01,133.4369202,-0.1648731621814874
2021-10-02,130.2647552,-0.14422123529834852
2021-10-03,129.9002991,-0.20363444047498827
2021-10-04,128.0974884,-0.1015901655979536
2021-10-05,124.1667862,-0.0459631038026336
2021-10-06,127.6837234,-0.22609991087845885
2021-10-07,127.99897,-0.13105871402795047
2021-10-08,123.2112122,-0.07520186922711991
2021-10-09,124.4820175,0.014785894420809093
2021-10-10,123.1619492,0.11908675471339866
2021-10-11,127.6935806,0.2001895416846485
2021-10-12,128.2156982,0.16236269901386943
2021-10-13,128.7870789,0.1524034512364694
2021-10-14,131.5060883,0.19963421317894
2021-10-15,131.4272766,0.30062401696666424
2021-10-16,132.7571869,0.22538089844813952
2021-10-17,133.9196472,0.1452321523952445
2021-10-18,133.2005157,0.1264101446633691
2021-10-19,133.2596436,-0.002328558767857225
2021-10-20,135.8209534,-0.1839451006174603
2021-10-21,139.0128174,-0.02071254530914135
2021-10-22,140.4117126,-0.02718934576505917
2021-10-23,139.7516785,-0.18429823375400575
2021-10-24,141.8204803,-0.04447766129717974
2021-10-25,143.7611694,-0.08520242440621702
2021-10-26,140.8747253,-0.14640893208397093
2021-10-27,142.1455536,-0.08096907023147827
2021-10-28,143.2686157,-0.039130960334706616
2021-10-29,148.5785217,-0.24113026023131315
2021-10-30,152.2038116,-0.030343132920145545
2021-10-31,149.4749756,-0.16586593997728422
2021-11-01,152.3516083,-0.2644279937147852
2021-11-02,149.6621552,-0.13136865349490923
2021-11-03,148.6277618,-0.043340878244397044
2021-11-04,148.9928284,-0.19050473272671403
2021-11-05,151.7949066,-0.11240464891092547
2021-11-06,151.153595,-0.004965446325310962
2021-11-07,153.255127,-0.041617033205525886
2021-11-08,151.6567688,-0.0007496598494952378
2021-11-09,150.5122528,0.020503002694713703
2021-11-10,146.4966278,-0.01580792490008076
2021-11-11,146.9208984,0.05447255750825197
2021-11-12,147.4043274,-0.06548870806814704
2021-11-13,144.7502441,-0.19095961798157285
2021-11-14,145.9441071,-0.2295377525563222
2021-11-15,145.440918,-0.1480447760150477
2021-11-16,143.3689423,-0.25006208586320056
2021-11-17,143.9609528,-0.1313251526726145
2021-11-18,149.0125427,-0.10330550800751684
2021-11-19,151.7751617,-0.12031294928304874
2021-11-20,149.5749359,-0.07933578958800394
2021-11-21,150.8279724,0.06367705148993648
2021-11-22,148.5784454,-0.044247692323790735
2021-11-23,146.5163574,-0.020194108126891645
2021-11-24,148.4600525,0.0987197732485777
2021-11-25,150.5517273,0.05639712054254289
2021-11-26,150.9463959,-0.040754555393686755
2021-11-27,153.7681732,-0.04586778141769889
2021-11-28,152.9295349,-0.09502366762739971
2021-11-29,155.2974701,-0.051918984632286044
2021-11-30,157.152359,-0.1474297069873951
2021-12-01,155.7217407,-0.0846169884835413
2021-12-02,156.8070374,0.02155114511011516
2021-12-03,158.1094055,0.03863516873854863
2021-12-04,156.1656952,-0.05864210219287043
2021-12-05,155.5441132,0.044222451781579894
2021-12-06,158.6224518,-0.05385004284195224
2021-12-07,160.1912079,-0.05036304478520013
2021-12-08,162.6972656,0.07136018750506964
2021-12-09,163.9503326,-0.009655091541873828
2021-12-10,163.4175262,0.06334223083448667
2021-12-11,161.5724792,0.1369448847401582
2021-12-12,162.460495,0.12258348937114043
2021-12-13,159.8656158,0.03166368387286236
2021-12-14,158.6520538,0.06137583261860674
2021-12-15,157.9613953,-0.0964176582338722
2021-12-16,163.3484802,-0.11129441531368049
2021-12-17,163.0031433,-0.13276074303135793
2021-12-18,163.0228729,-0.13729242360001453
2021-12-19,164.2463074,-0.007081582051352853
2021-12-20,165.3908234,0.14501187996830356
2021-12-21,164.4238892,0.10996797706481905
2021-12-22,162.8156891,0.10099018220163798
2021-12-23,163.1215515,0.1387728239794987
2021-12-24,161.5823975,0.10319143946896206
2021-12-25,161.5724792,-0.02987240876519291
2021-12-26,166.1604156,0.004320024020033103
2021-12-27,167.4134216,-0.04840297281991619
2021-12-28,167.3246155,-0.09761433842697649
2021-12-29,166.2886505,-0.07311198740775018
2021-12-30,165.2132111,-0.07206030957607998
2021-12-31,163.5753937,-0.12397083506695314
2022-01-01,171.2514801,-0.1140124419851849
2022-01-02,171.1824036,-0.018279092577223172
2022-01-03,169.4755249,-0.11280491833592943
2022-01-04,171.2415924,-0.138388143998748
2022-01-05,171.4290314,-0.1967904783090142
2022-01-06,170.500351,-0.16049258257306193
2022-01-07,170.0063477,-0.21952277648589602
2022-01-08,170.0063477,-0.17539356535766318
2022-01-09,170.6188812,-0.11276134852221342
2022-01-10,172.9506073,-0.005787657936725884
2022-01-11,173.0592651,-0.026814210211701543
2022-01-12,172.1107941,0.01153618204266708
2022-01-13,169.5024414,-0.0006524232862210655
2022-01-14,169.7790985,0.01645328736572672
2022-01-15,170.9153137,0.022176161418445615
2022-01-16,173.3260345,0.04888658851783416
2022-01-17,175.1736145,-0.0109652546719524
2022-01-18,175.1242065,0.05896391131578924
2022-01-19,177.93013,0.13839203733817107
2022-01-20,178.7798309,0.028924109837274614
2022-01-21,177.4262543,-0.014442140862811804
2022-01-22,177.06073,0.04224081164135632
2022-01-23,175.6873932,-0.028191639740660784
2022-01-24,178.4044189,-0.1121258648322028
2022-01-25,178.7897339,-0.02597522856056571
2022-01-26,181.5857544,0.0665203496834524
2022-01-27,181.1115265,8.356955248291498e-05
2022-01-28,181.7438354,-0.059825211645717004
2022-01-29,183.7791748,-0.0066605983916076085
2022-01-30,182.7022247,-0.049852282433836284
2022-01-31,182.7911377,-0.08264214894596825
2022-02-01,181.7537384,-0.03057914117464965
2022-02-02,184.7572937,0.002898267813250299
2022-02-03,184.4411011,-0.0627966474854181
2022-02-04,183.0480347,-0.023500799738725982
2022-02-05,185.8045654,-0.06943330709982962
2022-02-06,186.9803314,-0.13250056601926463
2022-02-07,187.3162079,-0.07211505063528165
2022-02-08,191.643692,0.009445121333711282
2022-02-09,190.1517944,0.08717123772549937
2022-02-10,189.0353394,0.15427677891716565
2022-02-11,189.5095673,0.23714480810382735
2022-02-12,188.3931427,0.19813437974486453
2022-02-13,186.3479767,0.0698733428935995
2022-02-14,185.8243256,-0.04881381116538323
2022-02-15,187.4940643,-0.09951426888389664
2022-02-16,188.2548065,-0.11318108994844837
2022-02-17,188.4030304,-0.10159019797131122
2022-02-18,191.6634216,-0.1032390671052246
2022-02-19,191.4065704,-0.00015644447739070476
2022-02-20,192.7601013,0.07085520271816649
2022-02-21,190.8137665,0.030612410573801523
2022-02-22,189.638031,0.017415988567445747
2022-02-23,190.4383087,0.060199484727095284
2022-02-24,191.2978973,0.002998460666696261
2022-02-25,192.1673126,-0.045593889669904006
2022-02-26,190.9026947,-0.017641882695476417
2022-02-27,193.481369,-0.044537852210653796
2022-02-28,194.0939484,-0.06969837302422963
2022-03-01,193.2640381,-0.09131760736972118
2022-03-02,190.27034,-0.07778715536463801
2022-03-03,188.8772583,-0.05757893858354779
2022-03-04,179.8073578,0.10413359179903141
2022-03-05,176.7050476,0.28491998236622446
2022-03-06,177.6436462,0.43912746077016784
2022-03-07,176.052948,0.5461459899951839
2022-03-08,175.8355713,0.6446643526087438
2022-03-09,175.894928,0.565783230441915
2022-03-10,177.5471344,0.43244776060928525
2022-03-11,175.558548,0.32209185981616845
2022-03-12,174.6879425,0.21087004626079847
2022-03-13,172.1453247,0.04984312470132482
2022-03-14,172.630127,0.04370080290038288
2022-03-15,173.9656982,-0.0056280440747430325
2022-03-16,175.3408966,-0.03147529986036392
2022-03-17,179.1894226,-0.09737721816748232
2022-03-18,174.4999695,-0.02882182727100512
2022-03-19,176.7062073,-0.1118883272657369
2022-03-20,178.2693481,-0.12057504448991022
2022-03-21,182.1574402,-0.04403758192416589
2022-03-22,185.6498413,0.07552573793609922
2022-03-23,185.8674774,0.16286540527782134
2022-03-24,187.440567,0.1007615965539624
2022-03-25,187.6779785,0.05251752016876358
2022-03-26,180.9603577,-0.008416043998695805
2022-03-27,175.6673889,-0.17580269793915443
2022-03-28,176.2807617,-0.19544185427262487
2022-03-29,177.4481812,-0.18452206907070404
2022-03-30,174.4208374,0.0338937781530433
2022-03-31,172.3530884,-0.06778035553999802
2022-04-01,173.866806,0.050897553597755316
2022-04-02,173.1445618,-0.0792012506546059
2022-04-03,176.0730133,0.033816029431339434
2022-04-04,177.1613312,-0.056696084607970966
2022-04-05,173.6194611,0.017184844594730006
2022-04-06,172.0760651,0.017282891987935013
2022-04-07,172.9269257,0.04998025786344175
2022-04-08,174.2031708,0.055671750694180865
2022-04-09,170.1270905,0.09998876403014963
2022-04-10,168.6133728,0.05853681313240868
2022-04-11,168.870636,0.0011794216076678743
2022-04-12,169.3850708,0.044093453068977016
2022-04-13,171.897995,-0.0033784326082668486
2022-04-14,170.5623779,-0.08397940396070405
2022-04-15,171.8089752,0.009598351295403994
2022-04-16,173.0456543,-0.002033665659903261
2022-04-17,175.5981445,0.027804305458711966
2022-04-18,177.0821686,-0.0044360801899110515
2022-04-19,176.4885559,-0.06614229805283318
2022-04-20,177.8835297,-0.17150596848283173
2022-04-21,178.7838287,-0.18703436748436159
2022-04-22,176.9436646,-0.24197750932472792
2022-04-23,176.815033,-0.1804082991771151
2022-04-24,175.2617493,-0.1274660391236993
2022-04-25,173.9656982,-0.1029101585685723
2022-04-26,173.589798,-0.09544151793480203
2022-04-27,171.0372925,-0.17512273261386196
2022-04-28,171.1560059,-0.11622852457248464
2022-04-29,171.5912933,-0.0610648653451473
2022-04-30,169.2762451,-0.07035760455873485
2022-05-01,165.1111298,-0.10442899426223744
2022-05-02,166.4269257,0.012598978660001292
2022-05-03,168.4748688,-0.0803880529177113
2022-05-04,168.9497986,-0.15221896031197996
2022-05-05,172.1156311,-0.06633928530664393
2022-05-06,175.6773071,-0.08871739430638431
2022-05-07,174.7670593,-0.23396011917964166
2022-05-08,177.3195953,-0.10657604904831049
2022-05-09,179.8819885,0.037909726781565525
2022-05-10,180.940567,-0.0897408860331507
2022-05-11,180.4656982,-0.029971128736769204
2022-05-12,184.6561127,0.1650895778706357
2022-05-13,183.0710754,0.006093288415152387
2022-05-14,185.6863708,-0.04546005846656792
2022-05-15,186.2510223,0.10602339160555733
2022-05-16,187.9351807,0.08086994478268314
2022-05-17,187.915329,0.013348464982441327
2022-05-18,189.6588745,0.007020405693673992
2022-05-19,188.8564606,-0.021548076613843604
2022-05-20,189.5201721,-0.04386850473049489
2022-05-21,188.1927185,0.0317468462794519
2022-05-22,188.0144043,-0.0021370257342023754
2022-05-23,188.6186981,0.07783715865680099
2022-05-24,187.5983429,0.030716645326377634
2022-05-25,188.1728973,-0.01822584803090915
2022-05-26,189.4508362,-0.002134669344447074
2022-05-27,187.6577759,0.0006040465456309526
2022-05-28,191.6104126,0.02110509540910179
2022-05-29,190.520752,0.0035025348986236493
2022-05-30,192.4524841,0.06241372935211389
2022-05-31,193.8790131,0.0031487041672064566
2022-06-01,191.3726807,0.03843865426724706
2022-06-02,192.888382,-0.006339832410117349
2022-06-03,196.1079712,-0.03245999622068076
2022-06-04,196.2565765,-0.11620320167272542
2022-06-05,195.7216339,-0.08923973879994787
2022-06-06,194.0573425,-0.15619714612419222
2022-06-07,195.0975189,-0.1656838709676799
2022-06-08,193.0072632,-0.14001883879414423
2022-06-09,192.8586273,-0.1352786960848937
2022-06-10,191.7887726,-0.07667176641914455
2022-06-11,191.2438965,-0.020002919950351805
2022-06-12,191.3429565,0.04082417676121052
2022-06-13,191.7689362,0.05937138503756917
2022-06-14,190.728775,0.07165926638991675
2022-06-15,183.9032135,-0.045887929924940646
2022-06-16,182.5262451,0.010654946340759485
2022-06-17,180.2081299,-0.13217932254326098
2022-06-18,179.4849701,-0.23242123297963016
2022-06-19,183.8239594,-0.27982229909585554
2022-06-20,183.4079132,-0.20731634185729617
2022-06-21,184.4480896,-0.31363458638637093
2022-06-22,183.8536835,-0.16890484924624377
2022-06-23,184.1805878,-0.1070099165294722
2022-06-24,181.9120178,-0.05833820772106409
2022-06-25,180.9708862,-0.07937261300206042
2022-06-26,186.8652496,-0.0323311717108987
2022-06-27,189.7678375,-0.010042973034307078
2022-06-28,192.0760345,0.1219618014124861
2022-06-29,193.3539581,0.2541591721641278
2022-06-30,192.6803284,0.1666447510940369
2022-07-01,192.3534241,0.19769089139544155
2022-07-02,190.6197815,0.1265135807412981
2022-07-03,189.9362335,0.06785917822965118
2022-07-04,186.2807617,0.026454309147554644
2022-07-05,182.6748352,0.044959628474276425
2022-07-06,185.1118164,-0.08407544597971123
2022-07-07,184.1112671,-0.14085507307453513
2022-07-08,185.9241486,-0.20467344986035685
2022-07-09,187.529007,-0.2881205037079469
2022-07-10,187.63797,-0.13965200046277648
2022-07-11,186.5581665,-0.052128652389970456
2022-07-12,187.3219147,-0.020904205148946874
2022-07-13,185.6356659,0.023828101274123402
2022-07-14,183.5427399,-0.004674801392080885
2022-07-15,182.6599426,-0.10956370498202372
2022-07-16,182.3722992,-0.16929523055745235
2022-07-17,180.8348389,-0.20138641820568665
2022-07-18,180.0909119,-0.2625120870742384
2022-07-19,180.8447571,-0.24981647248935307
2022-07-20,182.8781738,-0.19557796787317425
2022-07-21,181.0431519,-0.16599193617524674
2022-07-22,179.6941528,-0.11197186532667798
2022-07-23,181.1522369,-0.04217625668301004
2022-07-24,179.9520416,-0.0031225124399663906
